episode,scenario,reward,success,crashed,timed_out,stuck,steps,time_s,goal_distance,speed_kmh,lane_offset_m,target_speed_kmh,trajectory_points,max_speed_kmh,max_a_long_mps2,max_a_lat_mps2,max_jerk_mps3,rms_jerk_mps3
0,highway_merge,41.973871734332846,True,False,False,False,321,16.050000239163637,4.443230152130127,44.679123943109026,0.9393827319145203,44.45726305246353,10,45.3907842455571,14.04970009706474,9.38834042913743,445.68329127356316,105.48463451722704
1,highway_merge,46.763573560875685,True,False,False,False,350,17.50000026077032,4.822664737701416,42.15718303150937,0.811660647392273,45.0,9,45.42793980203163,14.04970009706474,9.851445093790108,529.7657434979385,107.42055063495258
2,highway_merge,46.65473022980643,True,False,False,False,372,18.600000277161598,4.553942680358887,39.764345184075104,0.668708324432373,45.0,9,45.021321253012516,14.04970009706474,9.127735028474435,606.3976465681914,106.97895887818359
3,highway_merge,37.296609428177916,True,False,False,False,399,19.950000297278166,4.529324054718018,42.64503841751224,0.8875921368598938,30.917280837893486,11,45.099972210593826,14.04970009706474,8.248910966085505,583.1852808324202,111.92671188809467
4,highway_merge,37.446971244689905,True,False,False,False,394,19.700000293552876,4.88545560836792,42.314092884008616,0.8109281659126282,45.0,10,45.43740285297121,14.04970009706474,9.545015150650379,611.3057715901671,131.23499758376448
