episode,scenario,reward,success,crashed,timed_out,steps,goal_distance,speed_kmh
0,highway_merge,77.02408552807415,True,False,False,245,4.875499725341797,28.64981834385258
1,highway_merge,70.25465204929998,True,False,False,245,4.68372917175293,28.21978118160355
2,highway_merge,77.23194787204872,True,False,False,244,4.733650207519531,28.730490547934455
3,highway_merge,64.94593879668199,True,False,False,246,4.665213584899902,26.454564928612815
4,highway_merge,73.20549508161334,True,False,False,245,4.63817024230957,26.892886677654037
